﻿<?xml version="1.0" encoding="utf-8"?><HelpTOCNode Title="Sms Methods" Url="html/Methods_T_Voxity_API_EndPoints_Sms.htm"><HelpTOCNode Title="DeleteMessage Method " Url="html/M_Voxity_API_EndPoints_Sms_DeleteMessage.htm" /><HelpTOCNode Title="DeleteResponse Method " Url="html/M_Voxity_API_EndPoints_Sms_DeleteResponse.htm" /><HelpTOCNode Title="EmitMessageById Method " Url="html/M_Voxity_API_EndPoints_Sms_EmitMessageById.htm" /><HelpTOCNode Title="EmitMessageList Method " Url="html/M_Voxity_API_EndPoints_Sms_EmitMessageList.htm" /><HelpTOCNode Title="ResponseById Method " Url="html/M_Voxity_API_EndPoints_Sms_ResponseById.htm" /><HelpTOCNode Title="ResponseOfEmitId Method " Url="html/M_Voxity_API_EndPoints_Sms_ResponseOfEmitId.htm" /><HelpTOCNode Title="ResponsesMessagesList Method " Url="html/M_Voxity_API_EndPoints_Sms_ResponsesMessagesList.htm" /><HelpTOCNode Title="SendMessage Method " Url="html/M_Voxity_API_EndPoints_Sms_SendMessage.htm" /></HelpTOCNode>