﻿<?xml version="1.0" encoding="utf-8"?><HelpTOCNode Title="Voxity.API.EndPoints" Url="html/N_Voxity_API_EndPoints.htm"><HelpTOCNode Title="Authentication Class" Url="html/T_Voxity_API_EndPoints_Authentication.htm" HasChildren="true" /><HelpTOCNode Title="Calls Class" Url="html/T_Voxity_API_EndPoints_Calls.htm" HasChildren="true" /><HelpTOCNode Title="Contacts Class" Url="html/T_Voxity_API_EndPoints_Contacts.htm" HasChildren="true" /><HelpTOCNode Title="Devices Class" Url="html/T_Voxity_API_EndPoints_Devices.htm" HasChildren="true" /><HelpTOCNode Title="Sms Class" Url="html/T_Voxity_API_EndPoints_Sms.htm" HasChildren="true" /><HelpTOCNode Title="Tokens Class" Url="html/T_Voxity_API_EndPoints_Tokens.htm" HasChildren="true" /><HelpTOCNode Title="Users Class" Url="html/T_Voxity_API_EndPoints_Users.htm" HasChildren="true" /><HelpTOCNode Title="Vms Class" Url="html/T_Voxity_API_EndPoints_Vms.htm" HasChildren="true" /></HelpTOCNode>