﻿<?xml version="1.0" encoding="utf-8"?><HelpTOCNode Title="Voxity.API" Url="html/N_Voxity_API.htm"><HelpTOCNode Title="AccessTokenException Class" Url="html/T_Voxity_API_AccessTokenException.htm" HasChildren="true" /><HelpTOCNode Title="ApiAdminException Class" Url="html/T_Voxity_API_ApiAdminException.htm" HasChildren="true" /><HelpTOCNode Title="ApiArgumentException Class" Url="html/T_Voxity_API_ApiArgumentException.htm" HasChildren="true" /><HelpTOCNode Title="ApiAuthenticateException Class" Url="html/T_Voxity_API_ApiAuthenticateException.htm" HasChildren="true" /><HelpTOCNode Title="ApiErrorResponseException Class" Url="html/T_Voxity_API_ApiErrorResponseException.htm" HasChildren="true" /><HelpTOCNode Title="ApiInternalErrorException Class" Url="html/T_Voxity_API_ApiInternalErrorException.htm" HasChildren="true" /><HelpTOCNode Title="ApiResponse(T) Class" Url="html/T_Voxity_API_ApiResponse_1.htm" HasChildren="true" /><HelpTOCNode Title="ApiSession Class" Url="html/T_Voxity_API_ApiSession.htm" HasChildren="true" /><HelpTOCNode Title="ApiSession.HttpMethod Enumeration" Url="html/T_Voxity_API_ApiSession_HttpMethod.htm" /><HelpTOCNode Title="ApiSessionException Class" Url="html/T_Voxity_API_ApiSessionException.htm" HasChildren="true" /><HelpTOCNode Title="ApiTooManyRequestException Class" Url="html/T_Voxity_API_ApiTooManyRequestException.htm" HasChildren="true" /><HelpTOCNode Title="ClientIdSecretException Class" Url="html/T_Voxity_API_ClientIdSecretException.htm" HasChildren="true" /><HelpTOCNode Title="IApiSession Interface" Url="html/T_Voxity_API_IApiSession.htm" HasChildren="true" /><HelpTOCNode Title="RefreshTokenException Class" Url="html/T_Voxity_API_RefreshTokenException.htm" HasChildren="true" /></HelpTOCNode>