﻿<?xml version="1.0" encoding="utf-8"?><HelpTOCNode Title="NewSms Properties" Url="html/Properties_T_Voxity_API_Models_NewSms.htm"><HelpTOCNode Title="code Property " Url="html/P_Voxity_API_Models_NewSms_code.htm" /><HelpTOCNode Title="code_message Property " Url="html/P_Voxity_API_Models_NewSms_code_message.htm" /><HelpTOCNode Title="content Property " Url="html/P_Voxity_API_Models_NewSms_content.htm" /><HelpTOCNode Title="id Property " Url="html/P_Voxity_API_Models_NewSms_id.htm" /><HelpTOCNode Title="nb_sms Property " Url="html/P_Voxity_API_Models_NewSms_nb_sms.htm" /><HelpTOCNode Title="phone_number Property " Url="html/P_Voxity_API_Models_NewSms_phone_number.htm" /><HelpTOCNode Title="send_date Property " Url="html/P_Voxity_API_Models_NewSms_send_date.htm" /><HelpTOCNode Title="status Property " Url="html/P_Voxity_API_Models_NewSms_status.htm" /></HelpTOCNode>