﻿<?xml version="1.0" encoding="utf-8"?><HelpTOCNode Title="Log Properties" Url="html/Properties_T_Voxity_API_Models_Log.htm"><HelpTOCNode Title="billsec Property " Url="html/P_Voxity_API_Models_Log_billsec.htm" /><HelpTOCNode Title="calldate Property " Url="html/P_Voxity_API_Models_Log_calldate.htm" /><HelpTOCNode Title="destination Property " Url="html/P_Voxity_API_Models_Log_destination.htm" /><HelpTOCNode Title="duration Property " Url="html/P_Voxity_API_Models_Log_duration.htm" /><HelpTOCNode Title="sens Property " Url="html/P_Voxity_API_Models_Log_sens.htm" /><HelpTOCNode Title="source Property " Url="html/P_Voxity_API_Models_Log_source.htm" /><HelpTOCNode Title="station Property " Url="html/P_Voxity_API_Models_Log_station.htm" /><HelpTOCNode Title="status Property " Url="html/P_Voxity_API_Models_Log_status.htm" /><HelpTOCNode Title="tag Property " Url="html/P_Voxity_API_Models_Log_tag.htm" /></HelpTOCNode>