﻿<?xml version="1.0" encoding="utf-8"?><HelpTOCNode Title="User Properties" Url="html/Properties_T_Voxity_API_Models_User.htm"><HelpTOCNode Title="country Property " Url="html/P_Voxity_API_Models_User_country.htm" /><HelpTOCNode Title="creation_date Property " Url="html/P_Voxity_API_Models_User_creation_date.htm" /><HelpTOCNode Title="description Property " Url="html/P_Voxity_API_Models_User_description.htm" /><HelpTOCNode Title="id Property " Url="html/P_Voxity_API_Models_User_id.htm" /><HelpTOCNode Title="internalExtension Property " Url="html/P_Voxity_API_Models_User_internalExtension.htm" /><HelpTOCNode Title="is_active Property " Url="html/P_Voxity_API_Models_User_is_active.htm" /><HelpTOCNode Title="is_admin Property " Url="html/P_Voxity_API_Models_User_is_admin.htm" /><HelpTOCNode Title="last_login Property " Url="html/P_Voxity_API_Models_User_last_login.htm" /><HelpTOCNode Title="mail Property " Url="html/P_Voxity_API_Models_User_mail.htm" /><HelpTOCNode Title="mobilePhoneNumber Property " Url="html/P_Voxity_API_Models_User_mobilePhoneNumber.htm" /><HelpTOCNode Title="name Property " Url="html/P_Voxity_API_Models_User_name.htm" /><HelpTOCNode Title="otherPhoneNumber Property " Url="html/P_Voxity_API_Models_User_otherPhoneNumber.htm" /><HelpTOCNode Title="telephoneNumber_id Property " Url="html/P_Voxity_API_Models_User_telephoneNumber_id.htm" /></HelpTOCNode>