﻿<?xml version="1.0" encoding="utf-8"?><HelpTOCNode Title="ConvVms Properties" Url="html/Properties_T_Voxity_API_Models_ConvVms.htm"><HelpTOCNode Title="code Property " Url="html/P_Voxity_API_Models_ConvVms_code.htm" /><HelpTOCNode Title="code_message Property " Url="html/P_Voxity_API_Models_ConvVms_code_message.htm" /><HelpTOCNode Title="decroche Property " Url="html/P_Voxity_API_Models_ConvVms_decroche.htm" /><HelpTOCNode Title="delivery_date Property " Url="html/P_Voxity_API_Models_ConvVms_delivery_date.htm" /><HelpTOCNode Title="duree Property " Url="html/P_Voxity_API_Models_ConvVms_duree.htm" /><HelpTOCNode Title="emitter Property " Url="html/P_Voxity_API_Models_ConvVms_emitter.htm" /><HelpTOCNode Title="erreur Property " Url="html/P_Voxity_API_Models_ConvVms_erreur.htm" /><HelpTOCNode Title="file_id Property " Url="html/P_Voxity_API_Models_ConvVms_file_id.htm" /><HelpTOCNode Title="id Property " Url="html/P_Voxity_API_Models_ConvVms_id.htm" /><HelpTOCNode Title="phone_number Property " Url="html/P_Voxity_API_Models_ConvVms_phone_number.htm" /><HelpTOCNode Title="send_date Property " Url="html/P_Voxity_API_Models_ConvVms_send_date.htm" /><HelpTOCNode Title="status Property " Url="html/P_Voxity_API_Models_ConvVms_status.htm" /><HelpTOCNode Title="type_call Property " Url="html/P_Voxity_API_Models_ConvVms_type_call.htm" /></HelpTOCNode>