﻿<?xml version="1.0" encoding="utf-8"?><HelpTOCNode Title="Voxity.API.Models" Url="html/N_Voxity_API_Models.htm"><HelpTOCNode Title="AccessToken Class" Url="html/T_Voxity_API_Models_AccessToken.htm" HasChildren="true" /><HelpTOCNode Title="Channel Class" Url="html/T_Voxity_API_Models_Channel.htm" HasChildren="true" /><HelpTOCNode Title="Contact Class" Url="html/T_Voxity_API_Models_Contact.htm" HasChildren="true" /><HelpTOCNode Title="ContactName Class" Url="html/T_Voxity_API_Models_ContactName.htm" HasChildren="true" /><HelpTOCNode Title="ConvVms Class" Url="html/T_Voxity_API_Models_ConvVms.htm" HasChildren="true" /><HelpTOCNode Title="CreateChannel Class" Url="html/T_Voxity_API_Models_CreateChannel.htm" HasChildren="true" /><HelpTOCNode Title="CreateSms Class" Url="html/T_Voxity_API_Models_CreateSms.htm" HasChildren="true" /><HelpTOCNode Title="DeleteEmitSms Class" Url="html/T_Voxity_API_Models_DeleteEmitSms.htm" HasChildren="true" /><HelpTOCNode Title="DeleteResponseSms Class" Url="html/T_Voxity_API_Models_DeleteResponseSms.htm" HasChildren="true" /><HelpTOCNode Title="Device Class" Url="html/T_Voxity_API_Models_Device.htm" HasChildren="true" /><HelpTOCNode Title="EmitSms Class" Url="html/T_Voxity_API_Models_EmitSms.htm" HasChildren="true" /><HelpTOCNode Title="ErrorToken Class" Url="html/T_Voxity_API_Models_ErrorToken.htm" HasChildren="true" /><HelpTOCNode Title="Log Class" Url="html/T_Voxity_API_Models_Log.htm" HasChildren="true" /><HelpTOCNode Title="LogError Class" Url="html/T_Voxity_API_Models_LogError.htm" HasChildren="true" /><HelpTOCNode Title="ManageContact Class" Url="html/T_Voxity_API_Models_ManageContact.htm" HasChildren="true" /><HelpTOCNode Title="ManageVms Class" Url="html/T_Voxity_API_Models_ManageVms.htm" HasChildren="true" /><HelpTOCNode Title="NewChannel Class" Url="html/T_Voxity_API_Models_NewChannel.htm" HasChildren="true" /><HelpTOCNode Title="NewSms Class" Url="html/T_Voxity_API_Models_NewSms.htm" HasChildren="true" /><HelpTOCNode Title="RefreshToken Class" Url="html/T_Voxity_API_Models_RefreshToken.htm" HasChildren="true" /><HelpTOCNode Title="SmsResponses Class" Url="html/T_Voxity_API_Models_SmsResponses.htm" HasChildren="true" /><HelpTOCNode Title="TokenStatus Class" Url="html/T_Voxity_API_Models_TokenStatus.htm" HasChildren="true" /><HelpTOCNode Title="UploadVms Class" Url="html/T_Voxity_API_Models_UploadVms.htm" HasChildren="true" /><HelpTOCNode Title="User Class" Url="html/T_Voxity_API_Models_User.htm" HasChildren="true" /><HelpTOCNode Title="VmsFile Class" Url="html/T_Voxity_API_Models_VmsFile.htm" HasChildren="true" /></HelpTOCNode>