﻿<?xml version="1.0" encoding="utf-8"?><HelpTOCNode Title="ApiSession Properties" Url="html/Properties_T_Voxity_API_ApiSession.htm"><HelpTOCNode Title="AccessToken Property " Url="html/P_Voxity_API_ApiSession_AccessToken.htm" /><HelpTOCNode Title="AskAuthUri Property " Url="html/P_Voxity_API_ApiSession_AskAuthUri.htm" /><HelpTOCNode Title="Authentication Property " Url="html/P_Voxity_API_ApiSession_Authentication.htm" /><HelpTOCNode Title="Calls Property " Url="html/P_Voxity_API_ApiSession_Calls.htm" /><HelpTOCNode Title="ClientId Property " Url="html/P_Voxity_API_ApiSession_ClientId.htm" /><HelpTOCNode Title="ClientSecret Property " Url="html/P_Voxity_API_ApiSession_ClientSecret.htm" /><HelpTOCNode Title="Contacts Property " Url="html/P_Voxity_API_ApiSession_Contacts.htm" /><HelpTOCNode Title="Devices Property " Url="html/P_Voxity_API_ApiSession_Devices.htm" /><HelpTOCNode Title="HostRedirect Property " Url="html/P_Voxity_API_ApiSession_HostRedirect.htm" /><HelpTOCNode Title="PortRedirect Property " Url="html/P_Voxity_API_ApiSession_PortRedirect.htm" /><HelpTOCNode Title="RefreshToken Property " Url="html/P_Voxity_API_ApiSession_RefreshToken.htm" /><HelpTOCNode Title="Sms Property " Url="html/P_Voxity_API_ApiSession_Sms.htm" /><HelpTOCNode Title="TokenExpirationDate Property " Url="html/P_Voxity_API_ApiSession_TokenExpirationDate.htm" /><HelpTOCNode Title="Tokens Property " Url="html/P_Voxity_API_ApiSession_Tokens.htm" /><HelpTOCNode Title="UriRedirect Property " Url="html/P_Voxity_API_ApiSession_UriRedirect.htm" /><HelpTOCNode Title="Users Property " Url="html/P_Voxity_API_ApiSession_Users.htm" /><HelpTOCNode Title="Vms Property " Url="html/P_Voxity_API_ApiSession_Vms.htm" /></HelpTOCNode>