﻿<?xml version="1.0" encoding="utf-8"?><HelpTOCNode Title="Channel Properties" Url="html/Properties_T_Voxity_API_Models_Channel.htm"><HelpTOCNode Title="caller_name Property " Url="html/P_Voxity_API_Models_Channel_caller_name.htm" /><HelpTOCNode Title="caller_num Property " Url="html/P_Voxity_API_Models_Channel_caller_num.htm" /><HelpTOCNode Title="channel_id Property " Url="html/P_Voxity_API_Models_Channel_channel_id.htm" /><HelpTOCNode Title="channel_state Property " Url="html/P_Voxity_API_Models_Channel_channel_state.htm" /><HelpTOCNode Title="channelstatedesc Property " Url="html/P_Voxity_API_Models_Channel_channelstatedesc.htm" /><HelpTOCNode Title="exten Property " Url="html/P_Voxity_API_Models_Channel_exten.htm" /><HelpTOCNode Title="has_music_onhold Property " Url="html/P_Voxity_API_Models_Channel_has_music_onhold.htm" /><HelpTOCNode Title="id Property " Url="html/P_Voxity_API_Models_Channel_id.htm" /><HelpTOCNode Title="is_external_channel Property " Url="html/P_Voxity_API_Models_Channel_is_external_channel.htm" /><HelpTOCNode Title="originated_by_incomming_call Property " Url="html/P_Voxity_API_Models_Channel_originated_by_incomming_call.htm" /><HelpTOCNode Title="protocol Property " Url="html/P_Voxity_API_Models_Channel_protocol.htm" /><HelpTOCNode Title="transfer_to Property " Url="html/P_Voxity_API_Models_Channel_transfer_to.htm" /><HelpTOCNode Title="transfer_type Property " Url="html/P_Voxity_API_Models_Channel_transfer_type.htm" /></HelpTOCNode>