﻿<?xml version="1.0" encoding="utf-8"?><HelpTOCNode Title="EmitSms Properties" Url="html/Properties_T_Voxity_API_Models_EmitSms.htm"><HelpTOCNode Title="code Property " Url="html/P_Voxity_API_Models_EmitSms_code.htm" /><HelpTOCNode Title="code_erreur Property " Url="html/P_Voxity_API_Models_EmitSms_code_erreur.htm" /><HelpTOCNode Title="code_message Property " Url="html/P_Voxity_API_Models_EmitSms_code_message.htm" /><HelpTOCNode Title="content Property " Url="html/P_Voxity_API_Models_EmitSms_content.htm" /><HelpTOCNode Title="delivery_date Property " Url="html/P_Voxity_API_Models_EmitSms_delivery_date.htm" /><HelpTOCNode Title="id Property " Url="html/P_Voxity_API_Models_EmitSms_id.htm" /><HelpTOCNode Title="libelle Property " Url="html/P_Voxity_API_Models_EmitSms_libelle.htm" /><HelpTOCNode Title="nb_sms Property " Url="html/P_Voxity_API_Models_EmitSms_nb_sms.htm" /><HelpTOCNode Title="operateur Property " Url="html/P_Voxity_API_Models_EmitSms_operateur.htm" /><HelpTOCNode Title="phone_number Property " Url="html/P_Voxity_API_Models_EmitSms_phone_number.htm" /><HelpTOCNode Title="send_date Property " Url="html/P_Voxity_API_Models_EmitSms_send_date.htm" /><HelpTOCNode Title="status Property " Url="html/P_Voxity_API_Models_EmitSms_status.htm" /><HelpTOCNode Title="statut Property " Url="html/P_Voxity_API_Models_EmitSms_statut.htm" /></HelpTOCNode>