﻿<?xml version="1.0" encoding="utf-8"?><HelpTOCNode Title="Contact Properties" Url="html/Properties_T_Voxity_API_Models_Contact.htm"><HelpTOCNode Title="cn Property " Url="html/P_Voxity_API_Models_Contact_cn.htm" /><HelpTOCNode Title="description Property " Url="html/P_Voxity_API_Models_Contact_description.htm" /><HelpTOCNode Title="employeeNumber Property " Url="html/P_Voxity_API_Models_Contact_employeeNumber.htm" /><HelpTOCNode Title="info Property " Url="html/P_Voxity_API_Models_Contact_info.htm" /><HelpTOCNode Title="mail Property " Url="html/P_Voxity_API_Models_Contact_mail.htm" /><HelpTOCNode Title="mobile Property " Url="html/P_Voxity_API_Models_Contact_mobile.htm" /><HelpTOCNode Title="phoneNumberRaccourci Property " Url="html/P_Voxity_API_Models_Contact_phoneNumberRaccourci.htm" /><HelpTOCNode Title="telephoneNumber Property " Url="html/P_Voxity_API_Models_Contact_telephoneNumber.htm" /><HelpTOCNode Title="uid Property " Url="html/P_Voxity_API_Models_Contact_uid.htm" /></HelpTOCNode>