﻿<?xml version="1.0" encoding="utf-8"?><HelpTOCNode Title="IApiSession Properties" Url="html/Properties_T_Voxity_API_IApiSession.htm"><HelpTOCNode Title="AccessToken Property " Url="html/P_Voxity_API_IApiSession_AccessToken.htm" /><HelpTOCNode Title="ClientId Property " Url="html/P_Voxity_API_IApiSession_ClientId.htm" /><HelpTOCNode Title="ClientSecret Property " Url="html/P_Voxity_API_IApiSession_ClientSecret.htm" /><HelpTOCNode Title="HostRedirect Property " Url="html/P_Voxity_API_IApiSession_HostRedirect.htm" /><HelpTOCNode Title="PortRedirect Property " Url="html/P_Voxity_API_IApiSession_PortRedirect.htm" /><HelpTOCNode Title="RefreshToken Property " Url="html/P_Voxity_API_IApiSession_RefreshToken.htm" /><HelpTOCNode Title="TokenExpirationDate Property " Url="html/P_Voxity_API_IApiSession_TokenExpirationDate.htm" /><HelpTOCNode Title="UriRedirect Property " Url="html/P_Voxity_API_IApiSession_UriRedirect.htm" /></HelpTOCNode>